[{"id":1,"accountNumber":59,"accountHolderName":"kkeely0","accountType":"saving","Balance":21},
{"id":2,"accountNumber":54,"accountHolderName":"uobee1","accountType":"current","Balance":70},
{"id":3,"accountNumber":87,"accountHolderName":"icatterell2","accountType":"current","Balance":5},
{"id":4,"accountNumber":26,"accountHolderName":"slynn3","accountType":"","Balance":21},
{"id":5,"accountNumber":99,"accountHolderName":"jleathwood4","accountType":"current","Balance":38},
{"id":6,"accountNumber":29,"accountHolderName":"jvasser5","accountType":"saving","Balance":79},
{"id":7,"accountNumber":21,"accountHolderName":"phoundson6","accountType":"saving","Balance":64},
{"id":8,"accountNumber":30,"accountHolderName":"mrosen7","accountType":"current","Balance":90},
{"id":9,"accountNumber":81,"accountHolderName":"mgalletley8","accountType":"saving","Balance":61},
{"id":10,"accountNumber":10,"accountHolderName":"emcfeat9","accountType":"saving","Balance":30}]