[{"id":1,"accountNumber":56,"accountHolderName":"cgilbeart0","accountType":"saving","Balance":88},
{"id":2,"accountNumber":54,"accountHolderName":"uobee1","accountType":"current","Balance":70},
{"id":3,"accountNumber":89,"accountHolderName":"vpaddell2","accountType":"current","Balance":66},
{"id":4,"accountNumber":99,"accountHolderName":"jleathwood4","accountType":"current","Balance":38},
{"id":5,"accountNumber":69,"accountHolderName":"frey4","accountType":"saving","Balance":11},
{"id":6,"accountNumber":4,"accountHolderName":"tbrou5","accountType":"current","Balance":51},
{"id":7,"accountNumber":21,"accountHolderName":"phoundson6","accountType":"saving","Balance":64},
{"id":8,"accountNumber":33,"accountHolderName":"loconnolly7","accountType":"saving","Balance":62},
{"id":9,"accountNumber":67,"accountHolderName":"gourtic8","accountType":"current","Balance":74},
{"id":10,"accountNumber":90,"accountHolderName":"mlitt9","accountType":"saving","Balance":40}]